-- ============================================================
-- ShopKuber — Seed / Test Data
-- Run: make seed
-- Password for all users: password123
-- ============================================================

-- ── Clean up existing data ────────────────────────────────────
DELETE FROM review_media;
DELETE FROM reviews;
DELETE FROM payments;
DELETE FROM order_items;
DELETE FROM orders;
DELETE FROM cart_items;
DELETE FROM carts;
DELETE FROM product_images;
DELETE FROM product_variants;
DELETE FROM attributes;
DELETE FROM products;
DELETE FROM categories;
DELETE FROM sellers;
-- Note: refresh_tokens not deleted to preserve active sessions
DELETE FROM users;

-- ── Users ────────────────────────────────────────────────────
INSERT INTO users (id, email, password_hash, full_name, phone, role, is_active)
VALUES
  ('00000000-0000-0000-0000-000000000001',
   'buyer@example.com',
   '$2a$10$g1bp2PeuHKm0mDSDpMKih.okvFqSarp6fuMD7RYozQz4AHXexXA0.',
   'Иван Иванов', '+79001234567', 'buyer', true),

  ('00000000-0000-0000-0000-000000000002',
   'seller@example.com',
   '$2a$10$g1bp2PeuHKm0mDSDpMKih.okvFqSarp6fuMD7RYozQz4AHXexXA0.',
   'Пётр Продавцов', '+79007654321', 'seller', true),

  ('00000000-0000-0000-0000-000000000003',
   'admin@example.com',
   '$2a$10$g1bp2PeuHKm0mDSDpMKih.okvFqSarp6fuMD7RYozQz4AHXexXA0.',
   'Алексей Админов', '+79009999999', 'admin', true)
ON CONFLICT (email) DO NOTHING;

-- ── Seller ───────────────────────────────────────────────────
INSERT INTO sellers (id, user_id, brand_name, inn, status, rating)
VALUES
  ('00000000-0000-0000-0001-000000000001',
   '00000000-0000-0000-0000-000000000002',
   'TechStore', '1234567890', 'approved', 4.7)
ON CONFLICT (user_id) DO NOTHING;

-- ── Categories ───────────────────────────────────────────────
INSERT INTO categories (id, name, slug, parent_id, sort_order)
VALUES
  ('00000000-0000-0000-0002-000000000001', 'Электроника',  'electronics', NULL,                                     1),
  ('00000000-0000-0000-0002-000000000002', 'Смартфоны',    'smartphones', '00000000-0000-0000-0002-000000000001',   1),
  ('00000000-0000-0000-0002-000000000003', 'Ноутбуки',     'laptops',     '00000000-0000-0000-0002-000000000001',   2),
  ('00000000-0000-0000-0002-000000000004', 'Аксессуары',   'accessories', '00000000-0000-0000-0002-000000000001',   3),
  ('00000000-0000-0000-0002-000000000005', 'Одежда',       'clothing',    NULL,                                     2),
  ('00000000-0000-0000-0002-000000000006', 'Футболки',     'tshirts',     '00000000-0000-0000-0002-000000000005',   1),
  ('00000000-0000-0000-0002-000000000007', 'Кроссовки',    'sneakers',    '00000000-0000-0000-0002-000000000005',   2),
  ('00000000-0000-0000-0002-000000000008', 'Дом и сад',    'home-garden', NULL,                                     3),
  ('00000000-0000-0000-0002-000000000009', 'Книги',        'books',       NULL,                                     4)
ON CONFLICT (slug) DO NOTHING;

-- ── Products ─────────────────────────────────────────────────
INSERT INTO products (id, seller_id, category_id, name, slug, description, brand, status, rating, review_count)
VALUES
  ('00000000-0000-0000-0003-000000000001',
   '00000000-0000-0000-0001-000000000001',
   '00000000-0000-0000-0002-000000000002',
   'iPhone 15 Pro', 'iphone-15-pro',
   'Флагманский смартфон Apple с чипом A17 Pro, титановым корпусом и камерой 48 МП.',
   'Apple', 'published', 4.8, 124),

  ('00000000-0000-0000-0003-000000000002',
   '00000000-0000-0000-0001-000000000001',
   '00000000-0000-0000-0002-000000000002',
   'Samsung Galaxy S24 Ultra', 'samsung-galaxy-s24-ultra',
   'Мощный Android флагман с встроенным S Pen и камерой 200 МП.',
   'Samsung', 'published', 4.6, 89),

  ('00000000-0000-0000-0003-000000000003',
   '00000000-0000-0000-0001-000000000001',
   '00000000-0000-0000-0002-000000000002',
   'Xiaomi 14', 'xiaomi-14',
   'Компактный флагман с системой камер Leica и быстрой зарядкой 90 Вт.',
   'Xiaomi', 'published', 4.5, 56),

  ('00000000-0000-0000-0003-000000000004',
   '00000000-0000-0000-0001-000000000001',
   '00000000-0000-0000-0002-000000000003',
   'MacBook Air M3', 'macbook-air-m3',
   'Ультратонкий ноутбук Apple с чипом M3 и 18 часами автономности.',
   'Apple', 'published', 4.9, 203),

  ('00000000-0000-0000-0003-000000000005',
   '00000000-0000-0000-0001-000000000001',
   '00000000-0000-0000-0002-000000000003',
   'ASUS ROG Strix G16', 'asus-rog-strix-g16',
   'Игровой ноутбук с Intel Core i9, RTX 4070 и дисплеем 240 Гц.',
   'ASUS', 'published', 4.7, 67),

  ('00000000-0000-0000-0003-000000000006',
   '00000000-0000-0000-0001-000000000001',
   '00000000-0000-0000-0002-000000000004',
   'AirPods Pro 2', 'airpods-pro-2',
   'Беспроводные наушники с активным шумоподавлением и зарядкой USB-C.',
   'Apple', 'published', 4.7, 312),

  ('00000000-0000-0000-0003-000000000007',
   '00000000-0000-0000-0001-000000000001',
   '00000000-0000-0000-0002-000000000004',
   'Зарядное устройство 65W USB-C', 'charger-65w-usbc',
   'Универсальный GaN-блок питания 65 Вт с двумя портами USB-C.',
   'Anker', 'published', 4.4, 28),

  ('00000000-0000-0000-0003-000000000008',
   '00000000-0000-0000-0001-000000000001',
   '00000000-0000-0000-0002-000000000006',
   'Базовая футболка', 'basic-tshirt',
   '100% хлопок, плотность 180 г/м². Размеры XS–3XL, 5 цветов.',
   'BasicWear', 'published', 4.2, 45),

  ('00000000-0000-0000-0003-000000000009',
   '00000000-0000-0000-0001-000000000001',
   '00000000-0000-0000-0002-000000000007',
   'Nike Air Max 270', 'nike-air-max-270',
   'Культовые кроссовки с технологией Air Max для максимального комфорта.',
   'Nike', 'published', 4.6, 178),

  ('00000000-0000-0000-0003-000000000010',
   '00000000-0000-0000-0001-000000000001',
   '00000000-0000-0000-0002-000000000009',
   'Чистый код. Роберт Мартин', 'clean-code-robert-martin',
   'Настольная книга разработчика о принципах написания понятного кода.',
   'Питер', 'published', 4.8, 521)
ON CONFLICT (slug) DO NOTHING;

-- ── Product Variants ──────────────────────────────────────────
INSERT INTO product_variants (id, product_id, sku, price, stock, attributes)
VALUES
  ('00000000-0000-0000-0004-000000000001', '00000000-0000-0000-0003-000000000001', 'IPH15P-128-BLK',  89990, 15, '{"color":"Чёрный","storage":"128 ГБ"}'),
  ('00000000-0000-0000-0004-000000000002', '00000000-0000-0000-0003-000000000001', 'IPH15P-256-BLK',  99990, 10, '{"color":"Чёрный","storage":"256 ГБ"}'),
  ('00000000-0000-0000-0004-000000000003', '00000000-0000-0000-0003-000000000001', 'IPH15P-256-WHT',  99990,  8, '{"color":"Белый","storage":"256 ГБ"}'),
  ('00000000-0000-0000-0004-000000000004', '00000000-0000-0000-0003-000000000001', 'IPH15P-512-BLK', 119990,  5, '{"color":"Чёрный","storage":"512 ГБ"}'),
  ('00000000-0000-0000-0004-000000000005', '00000000-0000-0000-0003-000000000002', 'SGS24U-256-BLK',  94990, 12, '{"color":"Чёрный","storage":"256 ГБ"}'),
  ('00000000-0000-0000-0004-000000000006', '00000000-0000-0000-0003-000000000002', 'SGS24U-512-GRY', 114990,  7, '{"color":"Серый","storage":"512 ГБ"}'),
  ('00000000-0000-0000-0004-000000000007', '00000000-0000-0000-0003-000000000003', 'XIY14-256-BLK',   59990, 20, '{"color":"Чёрный","storage":"256 ГБ"}'),
  ('00000000-0000-0000-0004-000000000008', '00000000-0000-0000-0003-000000000003', 'XIY14-256-WHT',   59990, 15, '{"color":"Белый","storage":"256 ГБ"}'),
  ('00000000-0000-0000-0004-000000000009', '00000000-0000-0000-0003-000000000004', 'MBA-M3-8-256',   109990,  8, '{"ram":"8 ГБ","storage":"256 ГБ","color":"Полуночный"}'),
  ('00000000-0000-0000-0004-000000000010', '00000000-0000-0000-0003-000000000004', 'MBA-M3-16-512',  139990,  5, '{"ram":"16 ГБ","storage":"512 ГБ","color":"Серебристый"}'),
  ('00000000-0000-0000-0004-000000000011', '00000000-0000-0000-0003-000000000005', 'ROG-G16-16-1T',  159990,  4, '{"ram":"16 ГБ","storage":"1 ТБ"}'),
  ('00000000-0000-0000-0004-000000000012', '00000000-0000-0000-0003-000000000005', 'ROG-G16-32-1T',  189990,  2, '{"ram":"32 ГБ","storage":"1 ТБ"}'),
  ('00000000-0000-0000-0004-000000000013', '00000000-0000-0000-0003-000000000006', 'APP2-USBC',       19990, 30, '{"connector":"USB-C"}'),
  ('00000000-0000-0000-0004-000000000014', '00000000-0000-0000-0003-000000000007', 'ANKER-65W-WHT',    3490, 50, '{"color":"Белый"}'),
  ('00000000-0000-0000-0004-000000000015', '00000000-0000-0000-0003-000000000007', 'ANKER-65W-BLK',    3490, 50, '{"color":"Чёрный"}'),
  ('00000000-0000-0000-0004-000000000016', '00000000-0000-0000-0003-000000000008', 'TSHIRT-S-WHT',      890,100, '{"size":"S","color":"Белый"}'),
  ('00000000-0000-0000-0004-000000000017', '00000000-0000-0000-0003-000000000008', 'TSHIRT-M-WHT',      890,100, '{"size":"M","color":"Белый"}'),
  ('00000000-0000-0000-0004-000000000018', '00000000-0000-0000-0003-000000000008', 'TSHIRT-L-WHT',      890, 80, '{"size":"L","color":"Белый"}'),
  ('00000000-0000-0000-0004-000000000019', '00000000-0000-0000-0003-000000000008', 'TSHIRT-S-BLK',      890,100, '{"size":"S","color":"Чёрный"}'),
  ('00000000-0000-0000-0004-000000000020', '00000000-0000-0000-0003-000000000008', 'TSHIRT-M-BLK',      890,100, '{"size":"M","color":"Чёрный"}'),
  ('00000000-0000-0000-0004-000000000021', '00000000-0000-0000-0003-000000000009', 'NIKE-AM270-40',    8990, 10, '{"size":"40","color":"Белый/Чёрный"}'),
  ('00000000-0000-0000-0004-000000000022', '00000000-0000-0000-0003-000000000009', 'NIKE-AM270-41',    8990, 10, '{"size":"41","color":"Белый/Чёрный"}'),
  ('00000000-0000-0000-0004-000000000023', '00000000-0000-0000-0003-000000000009', 'NIKE-AM270-42',    8990,  8, '{"size":"42","color":"Белый/Чёрный"}'),
  ('00000000-0000-0000-0004-000000000024', '00000000-0000-0000-0003-000000000009', 'NIKE-AM270-43',    8990,  6, '{"size":"43","color":"Белый/Чёрный"}'),
  ('00000000-0000-0000-0004-000000000025', '00000000-0000-0000-0003-000000000009', 'NIKE-AM270-44',    8990,  4, '{"size":"44","color":"Белый/Чёрный"}'),
  ('00000000-0000-0000-0004-000000000026', '00000000-0000-0000-0003-000000000010', 'BOOK-CC-RU',       1290,200, '{"language":"Русский","cover":"Мягкая"}')
ON CONFLICT (sku) DO NOTHING;

-- ── Product Images ────────────────────────────────────────────
INSERT INTO product_images (id, product_id, url, sort_order)
VALUES
  ('00000000-0000-0000-0005-000000000001', '00000000-0000-0000-0003-000000000001', 'https://picsum.photos/id/160/600/600', 1),
  ('00000000-0000-0000-0005-000000000002', '00000000-0000-0000-0003-000000000002', 'https://picsum.photos/id/1/600/600', 1),
  ('00000000-0000-0000-0005-000000000003', '00000000-0000-0000-0003-000000000003', 'https://picsum.photos/id/96/600/600', 1),
  ('00000000-0000-0000-0005-000000000004', '00000000-0000-0000-0003-000000000004', 'https://picsum.photos/id/180/600/600', 1),
  ('00000000-0000-0000-0005-000000000005', '00000000-0000-0000-0003-000000000005', 'https://picsum.photos/id/0/600/600', 1),
  ('00000000-0000-0000-0005-000000000006', '00000000-0000-0000-0003-000000000006', 'https://picsum.photos/id/250/600/600', 1),
  ('00000000-0000-0000-0005-000000000007', '00000000-0000-0000-0003-000000000007', 'https://picsum.photos/id/367/600/600', 1),
  ('00000000-0000-0000-0005-000000000008', '00000000-0000-0000-0003-000000000008', 'https://picsum.photos/id/244/600/600', 1),
  ('00000000-0000-0000-0005-000000000009', '00000000-0000-0000-0003-000000000009', 'https://picsum.photos/id/133/600/600', 1),
  ('00000000-0000-0000-0005-000000000010', '00000000-0000-0000-0003-000000000010', 'https://picsum.photos/id/24/600/600', 1)
ON CONFLICT DO NOTHING;
